[{"outputType":{"type":"APK"},"apkInfo":{"type":"FULL_SPLIT","splits":[{"filterType":"ABI","value":"armeabi-v7a"}],"versionCode":261,"versionName":"4.1.1 Alpha2","enabled":true,"filterName":"armeabi-v7a","outputFile":"inrt-armeabi-v7a-release.apk","fullName":"armeabi-v7aRelease","baseName":"armeabi-v7a-release"},"path":"inrt-armeabi-v7a-release.apk","properties":{}},{"outputType":{"type":"APK"},"apkInfo":{"type":"FULL_SPLIT","splits":[{"filterType":"ABI","value":"x86"}],"versionCode":261,"versionName":"4.1.1 Alpha2","enabled":true,"filterName":"x86","outputFile":"inrt-x86-release.apk","fullName":"x86Release","baseName":"x86-release"},"path":"inrt-x86-release.apk","properties":{}}]